Goal,Probability
Blue,0.003274492239433422
Orange,0.0027429346072840033
Green,0.993982573153281
