goal,probability
Blue,0.0017091756856509053
Orange,0.0018488748061067364
Green,0.9964419495082422
