goal,probability
Blue,0.4742034516947068
Orange,0.0014611124802817565
Green,0.5243354358250116
