goal,probability
Blue,0.1881232321060787
Orange,0.8111754961305392
Green,0.0007012717633827816
