goal,probability
Blue,0.35921400315144
Orange,0.3201322233237329
Green,0.32065377352482327
