goal,probability
Blue,0.9957282003722405
Orange,0.002512507079407851
Green,0.0017592925483525227
