goal,probability
Blue,0.9959521945498883
Orange,0.000977538608622215
Green,0.0030702668414896335
