goal,probability
Blue,0.620980752986095
Orange,0.0016099221440050565
Green,0.37740932486989853
