goal,probability
Blue,0.4565944419741607
Orange,0.0013250815446654936
Green,0.5420804764811735
