goal,probability
Blue,0.22977467649961242
Orange,0.7686258698133959
Green,0.0015994536869941701
