goal,probability
Blue,0.5548897780768565
Orange,0.00174539496886018
Green,0.4433648269542827
