map_height,map_width,observation,probability,a_0,a_1,a_2,a_3,a_4,a_5,a_6,a_7,a_8,a_9,a_10,a_11,a_12,a_13,a_14,a_15,a_16,a_17,a_18,a_19,a_20,a_21,a_22
11,11,26,0.008879640252453733,0,0,0,0,0,2,2,0,0,3,1,1,3,1,1,1,1,1,1
11,11,26,0.017434550196112893,0,0,0,0,0,2,2,0,0,3,3,1,1,1,1,1,1,1,1
11,11,26,0.01750519927210416,0,0,0,0,0,2,2,0,0,1,1,3,3,1,1,1,1,1,1
11,11,26,0.008670633831580286,0,0,0,0,0,2,2,0,0,1,3,1,3,1,1,1,1,1,1
11,11,26,0.9302592096806647,0,0,0,0,0,2,2,1,1,1,1,0,0,0,0,3,3,1,1,1,1,1,1
11,11,26,0.008640792707794573,0,0,0,0,0,2,2,0,0,3,1,3,1,1,1,1,1,1,1
11,11,26,0.008609974059289684,0,0,0,0,0,2,2,0,0,1,3,3,1,1,1,1,1,1,1
