map_height,map_width,observation,probability,s_0,s_1,s_2,s_3,s_4,s_5,s_6,s_7,s_8,s_9,s_10,s_11,s_12,s_13,s_14,s_15,s_16,s_17,s_18,s_19,s_20,s_21,s_22,s_23
11,11,26,0.01743455019611289,53,52,51,50,49,48,37,26,25,24,35,46,47,48,49,50,51,52,53,54
11,11,26,0.008670633831580284,53,52,51,50,49,48,37,26,25,24,25,36,37,48,49,50,51,52,53,54
11,11,26,0.008879640252453733,53,52,51,50,49,48,37,26,25,24,35,36,37,48,49,50,51,52,53,54
11,11,26,0.008640792707794573,53,52,51,50,49,48,37,26,25,24,35,36,47,48,49,50,51,52,53,54
11,11,26,0.017505199272104158,53,52,51,50,49,48,37,26,25,24,25,26,37,48,49,50,51,52,53,54
11,11,26,0.9302592096806646,53,52,51,50,49,48,37,26,27,28,29,30,29,28,27,26,37,48,49,50,51,52,53,54
11,11,26,0.008609974059289682,53,52,51,50,49,48,37,26,25,24,25,36,47,48,49,50,51,52,53,54
