Step,PathLength,Probability
7,20,0.017460521438381945
7,20,0.008647163587211317
7,20,0.008565833132275064
7,20,0.008681047005791129
7,20,0.017437186830337726
7,24,0.9304712461778217
7,20,0.008737001828181221
