MapHeight,MapWidth,Scene,Probability,Obs0,Obs1,Obs2,Obs3,Obs4,Obs5,Obs6,Obs7,Obs8,Obs9,Obs10,Obs11,Obs12,Obs13,Obs14,Obs15,Obs16,Obs17,Obs18,Obs19,Obs20,Obs21,Obs22,Obs23
11,11,26,0.017460521438381945,53,52,51,50,49,48,37,26,25,24,35,46,47,48,49,50,51,52,53,54
11,11,26,0.008647163587211317,53,52,51,50,49,48,37,26,25,24,25,36,37,48,49,50,51,52,53,54
11,11,26,0.008565833132275064,53,52,51,50,49,48,37,26,25,24,35,36,37,48,49,50,51,52,53,54
11,11,26,0.008681047005791129,53,52,51,50,49,48,37,26,25,24,35,36,47,48,49,50,51,52,53,54
11,11,26,0.017437186830337726,53,52,51,50,49,48,37,26,25,24,25,26,37,48,49,50,51,52,53,54
11,11,26,0.9304712461778217,53,52,51,50,49,48,37,26,27,28,29,30,29,28,27,26,37,48,49,50,51,52,53,54
11,11,26,0.008737001828181221,53,52,51,50,49,48,37,26,25,24,25,36,47,48,49,50,51,52,53,54
