Goal,Probability
Blue,0.23005662061175974
Orange,0.7690377083220153
Green,0.0009056710662227825
