goal,probability
Blue,0.28348408712897377
Orange,0.2850325284681203
Green,0.4314833844028927
