Goal,Probability
Blue,7.232284495217241e-06
Orange,2.4856093810707192e-05
Green,0.9999679116216934
