goal,probability
Blue,0.0007701089220890836
Orange,8.455690767506541e-05
Green,0.9991453341702368
