goal,probability
Blue,0.4808670711114848
Orange,0.0011313689703655882
Green,0.5180015599181492
