goal,probability
Blue,0.3224938584899456
Orange,0.0031342834049607983
Green,0.6743718581050973
