Goal,Probability
Blue,0.2721219686919894
Orange,0.0026017459977877295
Green,0.7252762853102224
