goal,probability
Blue,0.3129827500582384
Orange,0.45366450629923444
Green,0.23335274364252107
