Goal,Probability
Blue,0.004740997951144315
Orange,0.0008230550082219137
Green,0.9944359470406351
