goal,probability
Blue,0.0007759578465541996
Orange,0.0010830239757319093
Green,0.9981410181777157
