goal,probability
Blue,0.543399132941372
Orange,0.45562041466684267
Green,0.0009804523917852396
