Step,PathLength,Probability
3,22,0.10334079551406669
3,22,0.10500131915776954
3,22,0.10594492173014951
3,22,0.10205266417054135
3,22,0.1068948025144765
3,22,0.10547113868513787
5,26,0.046581280738173005
3,22,0.10265510696177271
5,26,0.036391568353414304
5,26,0.04704688704628528
3,22,0.10192188394238244
5,26,0.03669763118583091
