goal,probability
Blue,0.14539202414881694
Orange,0.002005369796416567
Green,0.8526026060547658
