goal,probability
Blue,0.28140116409998284
Orange,0.3592369945553261
Green,0.35936184134469246
