goal,probability
Blue,0.001948653657286227
Orange,0.0008177071493165491
Green,0.997233639193387
