goal,probability
Blue,6.679854519037702e-05
Orange,0.45506592813706914
Green,0.5448672733177398
