goal,probability
Blue,0.6516767063527359
Orange,0.0009362476979160936
Green,0.34738704594934977
