Goal,Probability
Blue,0.677094876561881
Orange,0.001762958357600641
Green,0.32114216508051663
