Goal,Probability
Blue,0.3152218774984504
Orange,0.35243913052437914
Green,0.33233899197717126
