goal,probability
Blue,0.32006917676427105
Orange,0.3363410833668696
Green,0.3435897398688556
