Goal,Probability
Blue,0.16594518294065236
Orange,0.8308258722169424
Green,0.0032289448424030484
