MapHeight,MapWidth,Scene,Probability,Obs0,Obs1,Obs2,Obs3,Obs4,Obs5,Obs6,Obs7,Obs8,Obs9,Obs10,Obs11,Obs12,Obs13,Obs14,Obs15,Obs16,Obs17,Obs18,Obs19,Obs20,Obs21,Obs22,Obs23,Obs24,Obs25,Obs26,Obs27,Obs28
11,11,50,0.018934715876390226,2,2,2,2,2,0,0,0,2,2,1,1,1,1,0,0,0,0,3,3,1,1,1,3,3,3,3,3,3
11,11,50,0.10575338291757096,0,0,2,0,0,0,2,2,0,0,1,1,3,3,1,1,1,3,1,1,1
11,11,50,0.02592649012836629,2,2,2,2,2,0,0,0,2,2,0,0,1,1,3,3,1,3,3,3,3,1,1,3,3
11,11,50,0.09971291603521817,0,2,0,0,0,0,2,2,1,1,1,1,0,0,0,0,3,3,1,1,1,3,1,1,1
11,11,50,0.018809671615904223,2,2,2,2,2,0,0,0,2,2,1,1,1,1,0,0,0,0,3,3,3,1,3,3,3,1,1,3,3
11,11,50,0.004665780416702257,2,2,2,2,2,0,0,0,2,2,1,1,1,1,0,0,0,0,3,3,3,3,3,3,1,1,1,3,3
11,11,50,0.09868964545720946,0,0,2,0,0,0,2,2,1,1,1,1,0,0,0,0,3,3,1,1,1,3,1,1,1
11,11,50,0.006577227849475475,2,2,2,2,2,0,0,0,2,2,0,0,1,1,3,3,3,3,3,3,1,1,1,3,3
11,11,50,0.10651563022128271,0,2,0,0,0,0,2,2,0,0,1,1,3,3,1,1,1,3,1,1,1
11,11,50,0.013040034925244262,2,2,2,2,2,0,0,0,2,2,0,0,1,1,3,3,3,3,1,3,3,1,1,3,3
11,11,50,0.009062695259125682,2,2,2,2,2,0,0,0,2,2,1,1,1,1,0,0,0,0,3,3,3,3,1,3,3,1,1,3,3
11,11,50,0.025965746094925624,2,2,2,2,2,0,0,0,2,2,0,0,1,1,3,3,3,1,3,3,3,1,1,3,3
11,11,50,0.09994988285219925,0,2,0,0,0,0,2,2,1,1,1,1,0,0,0,0,3,3,1,1,1,1,3,1,1
11,11,50,0.10669959279220022,0,0,2,0,0,0,2,2,0,0,1,1,3,3,1,1,1,1,3,1,1
11,11,50,0.026202725039174996,2,2,2,2,2,0,0,0,2,2,0,0,1,1,3,3,1,1,1,3,3,3,3,3,3
11,11,50,0.09910994422717118,0,0,2,0,0,0,2,2,1,1,1,1,0,0,0,0,3,3,1,1,1,1,3,1,1
11,11,50,0.10478402613072697,0,2,0,0,0,0,2,2,0,0,1,1,3,3,1,1,1,1,3,1,1
11,11,50,0.006226685125126236,2,2,2,2,2,0,0,0,2,2,0,0,1,1,3,3,3,3,3,1,3,1,1,3,3
11,11,50,0.004587725277345509,2,2,2,2,2,0,0,0,2,2,1,1,1,1,0,0,0,0,3,3,3,3,3,1,3,1,1,3,3
11,11,50,0.01878548175864028,2,2,2,2,2,0,0,0,2,2,1,1,1,1,0,0,0,0,3,3,1,3,3,3,3,1,1,3,3
