Goal,Probability
Blue,0.13653029248829723
Orange,0.0011417947437074943
Green,0.8623279127679963
