Goal,Probability
Blue,0.4790938774200671
Orange,0.00016590060149610983
Green,0.520740221978438
