Goal,Probability
Blue,0.29294182257782136
Orange,0.0008545493646547824
Green,0.7062036280575243
