Time,Probability
31,0.060606060606060615
31,0.030303030303030307
31,0.060606060606060615
31,0.030303030303030307
18,0.030303030303030307
31,0.030303030303030307
31,0.030303030303030307
31,0.060606060606060615
31,0.060606060606060615
31,0.030303030303030307
31,0.030303030303030307
18,0.030303030303030307
31,0.09090909090909091
31,0.030303030303030307
31,0.12121212121212123
31,0.060606060606060615
31,0.09090909090909091
31,0.09090909090909091
31,0.030303030303030307
