Goal,Probability
Blue,0.0
Orange,0.0952380952380952
Green,0.9047619047619043
