Goal,Probability
Blue,0.497653917247263
Orange,0.0
Green,0.5023460827527371
