Goal,Probability
Blue,0.9212190914318572
Orange,0.0
Green,0.07878090856814263
