Goal,Probability
Blue,0.3071606834325206
Orange,0.0
Green,0.6928393165674794
