Goal,Probability
Blue,0.14875835721107927
Orange,0.8053963705826171
Green,0.04584527220630373
