Goal,Probability
Blue,0.30141716423278897
Orange,0.2706999496439105
Green,0.4278828861233004
