Goal,Probability
Blue,0.06971975393028024
Orange,0.617224880382775
Green,0.3130553656869446
