Goal,Probability
Blue,0.4657907943293059
Orange,0.00245986013826071
Green,0.5317493455324339
