Goal,Probability
Blue,0.27983748237732464
Orange,0.7192629486856843
Green,0.0008995689369923872
