Goal,Probability
Blue,0.9964037092554093
Orange,0.0014392394027426063
Green,0.0021570513418481415
