Goal,Probability
Blue,0.5105139383287347
Orange,0.00349071992434132
Green,0.4859953417469232
