MapHeight,MapWidth,Scene,Probability,Obs0,Obs1,Obs2,Obs3,Obs4,Obs5,Obs6,Obs7,Obs8,Obs9,Obs10,Obs11,Obs12,Obs13,Obs14,Obs15,Obs16,Obs17,Obs18,Obs19,Obs20,Obs21,Obs22
11,11,26,0.008737001828181221,0,0,0,0,0,2,2,0,0,1,3,3,1,1,1,1,1,1,1
11,11,26,0.008647163587211317,0,0,0,0,0,2,2,0,0,1,3,1,3,1,1,1,1,1,1
11,11,26,0.017460521438381945,0,0,0,0,0,2,2,0,0,3,3,1,1,1,1,1,1,1,1
11,11,26,0.008565833132275064,0,0,0,0,0,2,2,0,0,3,1,1,3,1,1,1,1,1,1
11,11,26,0.017437186830337726,0,0,0,0,0,2,2,0,0,1,1,3,3,1,1,1,1,1,1
11,11,26,0.9304712461778217,0,0,0,0,0,2,2,1,1,1,1,0,0,0,0,3,3,1,1,1,1,1,1
11,11,26,0.008681047005791129,0,0,0,0,0,2,2,0,0,3,1,3,1,1,1,1,1,1,1
