Goal,Probability
Blue,0.6088108960280277
Orange,0.0016094044712896777
Green,0.38957969950068155
