Goal,Probability
Blue,0.30898858915973865
Orange,0.46809562869524596
Green,0.2229157821450134
