Goal,Probability
Blue,0.0015198527577818834
Orange,0.0014933165094029453
Green,0.9969868307328159
