Goal,Probability
Blue,0.4153355413518463
Orange,0.4363697356701093
Green,0.1482947229780465
