Goal,Probability
Blue,0.5211181851463936
Orange,0.0016073028142015299
Green,0.47727451203940363
