Goal,Probability
Blue,0.2942628785762094
Orange,0.0021815650051203467
Green,0.7035555564186697
