Goal,Probability
Blue,0.0002935692130916872
Orange,0.0014155236313928485
Green,0.9982909071555193
