Goal,Probability
Blue,0.002942582939718773
Orange,0.5294874669742154
Green,0.467569950086066
