participant,map,bayes_factor
0,DX_NX_0,81269.69989342397
0,ND_UN_0,758.831773403981
0,PX_UN_0,62044.10409305973
0,ND_NX_0,2255.1854169692165
0,UN_UN_0,10260.845530161056
0,NX_UN_0,2553.804243656502
0,UN_NX_0,106403.53871958882
0,PX_NX_0,9639.38353759959
0,NX_PX_0,131.24208069087095
0,PX_DX_0,67.90049863851286
0,ND_PX_1,54691.96885263997
0,DX_PX_0,5504.703545840918
0,ND_DX_1,99.1890929386879
0,UN_PX_0,3949.8344491523017
0,NX_DX_0,593.3479305261512
0,UN_DX_0,8206.64564043811
0,PX_PX_0,227.11494364893116
0,ND_PX_0,279.317435370306
0,NX_NX_0,953.0203106874689
0,DX_UN_0,9853.777766423409
0,ND_DX_0,289.23021082251637
0,ND_NX_1,20.606438755952585
0,DX_DX_0,135.80158997663779
