Goal,Probability
Blue,0.2981400978979221
Orange,0.290411926931663
Green,0.4114479751704156
