Goal,Probability
Blue,0.4629994092521156
Orange,0.5342575299459824
Green,0.0027430608019019488
