Goal,Probability
Blue,0.26092218617662133
Orange,0.35564172635746344
Green,0.383436087465914
