Goal,Probability
Blue,0.0012187987817838973
Orange,0.0008893000455479949
Green,0.9978919011726711
