Goal,Probability
Blue,0.7053410584741223
Orange,0.0
Green,0.29465894152587757
