Goal,Probability
Blue,0.49824920764535724
Orange,0.373686905734018
Green,0.12806388662062482
