Goal,Probability
Blue,0.6628780581776151
Orange,0.0
Green,0.33712194182238486
