Goal,Probability
Blue,0.3718251372093569
Orange,0.6264394457154885
Green,0.0017354170751510691
