Goal,Probability
Blue,0.3160274907536127
Orange,0.6825898606716186
Green,0.0013826485747686394
