Goal,Probability
Blue,0.5325890803639461
Orange,0.001507180366524955
Green,0.46590373926952805
