Goal,Probability
Blue,0.32165513771133586
Orange,0.2932705138358782
Green,0.38507434845278654
