Time,Probability
20,0.8187672643467754
20,0.003089194357725423
20,0.0012749056079501744
20,0.05150291757244873
20,0.0012422157205668365
20,0.05457576698648249
20,0.0013893202137918567
20,0.0681584151942593
