MapHeight,MapWidth,Scene,Probability,Obs0,Obs1,Obs2,Obs3,Obs4,Obs5,Obs6,Obs7,Obs8,Obs9
11,11,39,0.8187672643467754,15,27,39,29,30,29,28,27,15,4
11,11,39,0.003089194357725423,15,27,39,40,30,40,28,27,15,4
11,11,39,0.0012749056079501744,15,27,39,40,30,29,39,27,15,4
11,11,39,0.05150291757244873,15,27,39,40,30,29,28,27,15,4
11,11,39,0.0012422157205668365,15,27,39,40,30,40,39,27,15,4
11,11,39,0.05457576698648249,15,27,39,29,30,29,39,27,15,4
11,11,39,0.0013893202137918567,15,27,39,29,30,40,39,27,15,4
11,11,39,0.0681584151942593,15,27,39,29,30,40,28,27,15,4
