MapHeight,MapWidth,Scene,Probability,Obs0,Obs1,Obs2,Obs3,Obs4,Obs5,Obs6,Obs7,Obs8
11,11,39,0.003089194357725423,7,7,1,5,6,4,0,4,2
11,11,39,0.0012422157205668365,7,7,1,5,6,0,4,4,2
11,11,39,0.05150291757244873,7,7,1,5,0,0,0,4,2
11,11,39,0.0012749056079501744,7,7,1,5,0,6,4,4,2
11,11,39,0.05457576698648249,7,7,5,1,0,6,4,4,2
11,11,39,0.8187672643467754,7,7,5,1,0,0,0,4,2
11,11,39,0.0013893202137918567,7,7,5,1,6,0,4,4,2
11,11,39,0.0681584151942593,7,7,5,1,6,4,0,4,2
