Goal,Probability
Blue,0.5171670736963077
Orange,0.43097256141358975
Green,0.05186036489010199
