Goal,Probability
Blue,0.12139405476643729
Orange,0.8786059452335626
Green,0.0
