Goal,Probability
Blue,0.5942411342926048
Orange,0.40464205363935074
Green,0.0011168120680446082
