Goal,Probability
Blue,0.20024870288581106
Orange,0.7994082586510011
Green,0.0003430384631876849
