Goal,Probability
Blue,0.5076175466246389
Orange,0.0
Green,0.49238245337536135
