Goal,Probability
Blue,0.2574473661221281
Orange,0.7425526338778717
Green,0.0
