Goal,Probability
Blue,0.48213050495734383
Orange,0.5178694950426562
Green,0.0
