Goal,Probability
Blue,0.2029981220974032
Orange,0.00681557086692321
Green,0.790186307035673
