Goal,Probability
Blue,0.28746329796698433
Orange,0.0009761247904894217
Green,0.7115605772425275
