Goal,Probability
Blue,0.0
Orange,0.13607011070110706
Green,0.8639298892988932
