Goal,Probability
Blue,0.7033649900340014
Orange,0.0
Green,0.29663500996599834
