Goal,Probability
Blue,0.3733899416813605
Orange,0.2947807762496729
Green,0.331829282068966
