Goal,Probability
Blue,0.9961621762530571
Orange,0.0012315498287868109
Green,0.0026062739181565387
