Goal,Probability
Blue,0.5670202448613527
Orange,0.001603603339544882
Green,0.4313761517991026
