Goal,Probability
Blue,0.3268242097685358
Orange,0.0010232189383567376
Green,0.6721525712931085
