Goal,Probability
Blue,0.0009215819186683658
Orange,0.5292191849950674
Green,0.46985923308626454
