Goal,Probability
Blue,0.0002873724099773264
Orange,0.0028292114784787777
Green,0.9968834161115441
