Goal,Probability
Blue,0.4510342044431991
Orange,0.0003943859963364054
Green,0.5485714095604648
