Goal,Probability
Blue,0.35957066189624326
Orange,0.0
Green,0.6404293381037567
