Goal,Probability
Blue,0.1926917357127682
Orange,0.8073082642872321
Green,0.0
