Goal,Probability
Blue,0.3035510138650881
Orange,0.6956835791155771
Green,0.0007654070193342253
