Goal,Probability
Blue,0.285184256433822
Orange,0.7118397997807654
Green,0.0029759437854150706
