Goal,Probability
Blue,0.4105915190086542
Orange,0.4222805587838139
Green,0.16712792220753223
