Goal,Probability
Blue,0.44786814761734123
Orange,0.3284366415860503
Green,0.22369521079660806
