Goal,Probability
Blue,0.31955618716489576
Orange,0.33744409991227675
Green,0.34299971292282677
