Goal,Probability
Blue,0.9967316381696519
Orange,0.0007369430756873503
Green,0.0025314187546611683
