Goal,Probability
Blue,0.9983292319505864
Orange,0.00030239358264596633
Green,0.0013683744667674239
