Goal,Probability
Blue,0.9965047122861855
Orange,0.002922447855601423
Green,0.0005728398582138268
