Goal,Probability
Blue,0.510582286548745
Orange,0.0009378340304559323
Green,0.4884798794207995
