Goal,Probability
Blue,0.5239791723759935
Orange,0.0
Green,0.47602082762400666
