Goal,Probability
Blue,0.5820616569732775
Orange,0.0016468683324792205
Green,0.41629147469424277
