Goal,Probability
Blue,0.2627957206922722
Orange,0.7337204957506662
Green,0.0034837835570617906
