Goal,Probability
Blue,0.54510556621881
Orange,0.0
Green,0.4548944337811901
