Goal,Probability
Blue,0.6019041574103465
Orange,0.0
Green,0.398095842589654
