Goal,Probability
Blue,0.10428896669965783
Orange,0.894135244623849
Green,0.001575788676490608
