Goal,Probability
Blue,0.49633967789165434
Orange,0.0
Green,0.5036603221083453
