Goal,Probability
Blue,0.20217979186665758
Orange,0.7969766581578257
Green,0.0008435499755143076
