Goal,Probability
Blue,0.5712908726922223
Orange,0.0
Green,0.4287091273077779
