Goal,Probability
Blue,0.5934653964848394
Orange,0.002442594108788028
Green,0.40409200940637263
