Goal,Probability
Blue,0.44033792717451187
Orange,0.4438114745624019
Green,0.11585059826308522
