Goal,Probability
Blue,0.46466035633777764
Orange,0.41276124894034755
Green,0.1225783947218808
