Goal,Probability
Blue,0.0012919560513631027
Orange,0.0027954725770523415
Green,0.9959125713715857
