Goal,Probability
Blue,0.4763872874932703
Orange,0.00138915207275498
Green,0.5222235604339732
