Goal,Probability
Blue,0.5366482291274506
Orange,0.0
Green,0.46335177087254925
