Goal,Probability
Blue,0.829975239112492
Orange,0.17002476088750793
Green,0.0
