Goal,Probability
Blue,0.8145777150612339
Orange,0.18448710225481474
Green,0.000935182683951095
