Goal,Probability
Blue,0.8313348710886831
Orange,0.16836537274478583
Green,0.00029975616652996737
