Goal,Probability
Blue,0.30465091472795985
Orange,0.4546588112886918
Green,0.24069027398334542
