Goal,Probability
Blue,0.29166666666666674
Orange,0.4583333333333335
Green,0.25000000000000006
