Goal,Probability
Blue,0.003422075386226196
Orange,0.0006633827759584085
Green,0.9959145418378154
