Goal,Probability
Blue,0.0002692120409757055
Orange,1.5778928834264024e-06
Green,0.9997292100661399
