Goal,Probability
Blue,0.4838908256954761
Orange,0.5141556728603268
Green,0.001953501444196372
