MapHeight,MapWidth,Scene,Probability,Obs0,Obs1,Obs2,Obs3,Obs4,Obs5,Obs6,Obs7,Obs8,Obs9,Obs10,Obs11,Obs12,Obs13,Obs14,Obs15,Obs16,Obs17,Obs18,Obs19,Obs20,Obs21,Obs22,Obs23,Obs24,Obs25,Obs26,Obs27,Obs28,Obs29
11,11,50,0.09910994422717119,64,63,62,51,50,49,48,37,26,27,28,29,30,29,28,27,26,37,48,49,50,51,52,63,64,65
11,11,50,0.025965746094925628,106,95,84,73,62,51,50,49,48,37,26,25,24,25,26,37,48,59,60,71,82,93,94,95,106,117
11,11,50,0.10669959279220023,64,63,62,51,50,49,48,37,26,25,24,25,26,37,48,49,50,51,52,63,64,65
11,11,50,0.018785481758640282,106,95,84,73,62,51,50,49,48,37,26,27,28,29,30,29,28,27,26,37,48,49,60,71,82,93,94,95,106,117
11,11,50,0.006577227849475476,106,95,84,73,62,51,50,49,48,37,26,25,24,25,26,37,48,59,70,81,92,93,94,95,106,117
11,11,50,0.104784026130727,64,63,52,51,50,49,48,37,26,25,24,25,26,37,48,49,50,51,52,63,64,65
11,11,50,0.09994988285219926,64,63,52,51,50,49,48,37,26,27,28,29,30,29,28,27,26,37,48,49,50,51,52,63,64,65
11,11,50,0.025926490128366293,106,95,84,73,62,51,50,49,48,37,26,25,24,25,26,37,48,49,60,71,82,93,94,95,106,117
11,11,50,0.01893471587639023,106,95,84,73,62,51,50,49,48,37,26,27,28,29,30,29,28,27,26,37,48,49,50,51,62,73,84,95,106,117
11,11,50,0.09971291603521819,64,63,52,51,50,49,48,37,26,27,28,29,30,29,28,27,26,37,48,49,50,51,62,63,64,65
11,11,50,0.026202725039175,106,95,84,73,62,51,50,49,48,37,26,25,24,25,26,37,48,49,50,51,62,73,84,95,106,117
11,11,50,0.004665780416702258,106,95,84,73,62,51,50,49,48,37,26,27,28,29,30,29,28,27,26,37,48,59,70,81,92,93,94,95,106,117
11,11,50,0.013040034925244264,106,95,84,73,62,51,50,49,48,37,26,25,24,25,26,37,48,59,70,71,82,93,94,95,106,117
11,11,50,0.009062695259125682,106,95,84,73,62,51,50,49,48,37,26,27,28,29,30,29,28,27,26,37,48,59,70,71,82,93,94,95,106,117
11,11,50,0.10651563022128273,64,63,52,51,50,49,48,37,26,25,24,25,26,37,48,49,50,51,62,63,64,65
11,11,50,0.00458772527734551,106,95,84,73,62,51,50,49,48,37,26,27,28,29,30,29,28,27,26,37,48,59,70,81,82,93,94,95,106,117
11,11,50,0.018809671615904227,106,95,84,73,62,51,50,49,48,37,26,27,28,29,30,29,28,27,26,37,48,59,60,71,82,93,94,95,106,117
11,11,50,0.09868964545720947,64,63,62,51,50,49,48,37,26,27,28,29,30,29,28,27,26,37,48,49,50,51,62,63,64,65
11,11,50,0.10575338291757097,64,63,62,51,50,49,48,37,26,25,24,25,26,37,48,49,50,51,62,63,64,65
11,11,50,0.006226685125126237,106,95,84,73,62,51,50,49,48,37,26,25,24,25,26,37,48,59,70,81,82,93,94,95,106,117
