Goal,Probability
Blue,0.5339983377028493
Orange,0.46393112747393467
Green,0.0020705348232158438
