Goal,Probability
Blue,0.48765295033162603
Orange,0.5108388941967313
Green,0.0015081554716409118
