Goal,Probability
Blue,0.1706214590081874
Orange,0.001968930609155713
Green,0.8274096103826575
