Goal,Probability
Blue,0.0010019529277388636
Orange,0.7525023054371109
Green,0.2464957416351503
