Goal,Probability
Blue,0.16809570798337692
Orange,0.0036495353929931304
Green,0.8282547566236311
