Goal,Probability
Blue,0.004673769173929115
Orange,0.8376157363159007
Green,0.15771049451017016
