Goal,Probability
Blue,0.45979896415050436
Orange,0.0045156172614118145
Green,0.5356854185880836
