Goal,Probability
Blue,0.38095772624205826
Orange,0.44900433289181246
Green,0.1700379408661294
