Goal,Probability
Blue,0.3589431583669798
Orange,0.38197911834799947
Green,0.25907772328501993
