Goal,Probability
Blue,0.003996210703619336
Orange,0.003450015241314817
Green,0.9925537740550682
