Goal,Probability
Blue,0.0
Orange,0.21227520311596632
Green,0.787724796884034
