Goal,Probability
Blue,2.5653478289440907e-05
Orange,0.5179402607175045
Green,0.48203408580420615
