Goal,Probability
Blue,0.0
Orange,0.2456629653141294
Green,0.7543370346858708
