Goal,Probability
Blue,0.6636255106471153
Orange,0.0014414903983020896
Green,0.33493299895458273
