Goal,Probability
Blue,0.331454925106849
Orange,0.32715684976780146
Green,0.34138822512535016
