Goal,Probability
Blue,0.35000000000000014
Orange,0.34000000000000014
Green,0.3100000000000001
