participant,map,bayes_factor
4,ND_NX_1,65.92965865744134
4,NX_NX_0,877.7749716160044
4,PX_PX_0,23918.580208101113
4,ND_UN_0,714.5729324004419
4,PX_NX_0,9831.431063776196
4,UN_NX_0,6236.607251396056
4,ND_PX_1,64437.60809584461
4,ND_DX_0,275.8556296788335
4,NX_DX_0,5201.272145137729
4,ND_DX_1,520.1975268252431
4,UN_DX_0,8207.831320903077
4,ND_NX_0,4600.819259191272
4,DX_PX_0,5354.288779982532
4,PX_UN_0,61067.37739863363
4,DX_DX_0,310.77599932485754
4,DX_NX_0,77641.88157211342
4,DX_UN_0,2473.177873807068
4,NX_PX_0,3440.513995741375
4,UN_PX_0,31047.568626970646
4,PX_DX_0,84.42120629062678
4,NX_UN_0,151.45301945043457
4,ND_PX_0,267.41331981287817
4,UN_UN_0,11158.640290048648
