Goal,Probability
Blue,0.435121608204472
Orange,0.003393678245995572
Green,0.5614847135495324
