Goal,Probability
Blue,0.996367700811975
Orange,0.0016733755351561919
Green,0.001958923652869029
