Goal,Probability
Blue,0.5699806632812547
Orange,0.0017816062817766162
Green,0.42823773043696917
