Goal,Probability
Blue,0.613021422292666
Orange,0.001086713656686886
Green,0.38589186405064785
