Goal,Probability
Blue,0.0009084716685443485
Orange,6.138847436376877e-05
Green,0.9990301398570921
