Goal,Probability
Blue,0.4852453476179357
Orange,0.0004968681473486719
Green,0.5142577842347171
