Goal,Probability
Blue,0.31808569823757543
Orange,0.43301391114894083
Green,0.248900390613485
