Goal,Probability
Blue,0.4890606161398408
Orange,0.5105285297435233
Green,0.00041085411663617386
