Goal,Probability
Blue,0.23081581624849215
Orange,0.002942997442504412
Green,0.7662411863090025
