Goal,Probability
Blue,0.41727167814934835
Orange,0.3468348288695522
Green,0.23589349298109824
