Goal,Probability
Blue,0.6641938244581829
Orange,0.0016295482981577884
Green,0.33417662724366076
