Goal,Probability
Blue,0.3338906749905178
Orange,0.3135401334076765
Green,0.35256919160180644
