goal,probability
Blue,0.47327640025906303
Orange,0.48159107385012434
Green,0.045132525890812486
