goal,probability
Blue,0.7428033270223003
Orange,0.2548604202740055
Green,0.0023362527036948164
