goal,probability
Blue,0.17492545804604145
Orange,0.8013727077919176
Green,0.023701834162040972
