goal,probability
Blue,0.004636757996338551
Orange,0.9897809565917297
Green,0.005582285411921692
