goal,probability
Blue,0.07499971627620393
Orange,0.015625000008589997
Green,0.9093752837152014
