goal,probability
Blue,0.022000181586322352
Orange,0.9119997275746525
Green,0.06600009083902329
