goal,probability
Blue,0.9161847742583932
Orange,0.0703275092674897
Green,0.013487716474113957
