goal,probability
Blue,0.3232653311692386
Orange,0.3607626120673894
Green,0.3159720567633668
