goal,probability
Blue,0.09917722240649456
Orange,0.056138737610842725
Green,0.844684039982662
