goal,probability
Blue,0.32392029170564396
Orange,0.02752808740674455
Green,0.6485516208876152
