goal,probability
Blue,0.9669415337413392
Orange,0.004318519674395859
Green,0.028739946584266086
