goal,probability
Blue,0.0344010597331807
Orange,0.0012347770786829716
Green,0.9643641631881349
