goal,probability
Blue,0.8736501099822996
Orange,0.1137790474013086
Green,0.012570842616376405
