goal,probability
Blue,0.08520262082578887
Orange,0.031368805535478266
Green,0.8834285736387408
