goal,probability
Blue,0.015785896825349824
Orange,0.9425239915768542
Green,0.041690111597799506
