goal,probability
Blue,0.30404148177042073
Orange,0.4716117917402305
Green,0.22434672648934395
