goal,probability
Blue,0.0023252537948399185
Orange,0.0021999632104437155
Green,0.9954747829947189
