goal,probability
Blue,0.002318920525812709
Orange,0.0033946391980845558
Green,0.9942864402761026
