goal,probability
Blue,1.4556114745866093e-06
Orange,0.0025394516755143917
Green,0.9974590927130111
