goal,probability
Blue,0.0010031980199632117
Orange,0.0017015749065265988
Green,0.9972952270735139
