goal,probability
Blue,0.5403432667068603
Orange,0.45427005553345734
Green,0.005386677759680879
