goal,probability
Blue,0.5275701777229821
Orange,0.47035051338640205
Green,0.002079308890615534
