goal,probability
Blue,0.42458704467179953
Orange,0.5729846577929321
Green,0.0024282975352720596
