goal,probability
Blue,0.515404441921427
Orange,0.4805432274047612
Green,0.004052330673810144
