goal,probability
Blue,0.091794965441683
Orange,1.7045732526273884e-11
Green,0.9082050345412717
