goal,probability
Blue,0.8813806621341038
Orange,0.0065081322628993115
Green,0.11211120560299559
