goal,probability
Blue,0.15571878504284922
Orange,0.020838448466005917
Green,0.8234427664911431
