goal,probability
Blue,0.1677839009092469
Orange,0.003647354518924605
Green,0.8285687445718303
