goal,probability
Blue,0.03197685816822503
Orange,0.04240083868007198
Green,0.9256223031517027
