goal,probability
Blue,0.08548763936699981
Orange,0.0033660695592575215
Green,0.9111462910737399
