goal,probability
Blue,0.012152495481217008
Orange,0.0011818549712607875
Green,0.9866656495475271
