goal,probability
Blue,0.13627082438641358
Orange,0.00303165357990745
Green,0.8606975220336793
