goal,probability
Blue,0.2928845539960485
Orange,0.33787169017934854
Green,0.3692437558245977
