goal,probability
Blue,0.30525141381224014
Orange,0.3885109964470046
Green,0.3062375897407583
