goal,probability
Blue,0.06093295049114175
Orange,0.016432546709508392
Green,0.9226345027993436
