goal,probability
Blue,0.8937949262991726
Orange,0.0859684232168559
Green,0.020236650483971608
