goal,probability
Blue,0.31150776263301655
Orange,0.32583946644320294
Green,0.3626527709237828
