goal,probability
Blue,0.010955150237750568
Orange,0.9243739488101558
Green,0.06467090095209409
