goal,probability
Blue,0.25017891014252397
Orange,0.35309404699894
Green,0.3967270428585407
