goal,probability
Blue,0.29075851520025464
Orange,0.34149474470951846
Green,0.36774674009022895
