goal,probability
Blue,0.002856724407753354
Orange,0.002078891508340249
Green,0.9950643840839034
