goal,probability
Blue,0.002328543263808152
Orange,0.0069812560220846856
Green,0.9906902007140972
