goal,probability
Blue,0.0030675479748636845
Orange,0.0037698414342156846
Green,0.9931626105909216
