goal,probability
Blue,0.0019212590438271928
Orange,0.44673704483509824
Green,0.5513416961210742
