goal,probability
Blue,0.004512248634192931
Orange,0.17201631817694682
Green,0.8234714331888598
