goal,probability
Blue,0.0037336009178432785
Orange,0.7694869301092396
Green,0.22677946897291668
