goal,probability
Blue,0.6563725800408203
Orange,0.023807024128165256
Green,0.3198203958310104
