goal,probability
Blue,0.6646990236291608
Orange,0.004639795518549611
Green,0.3306611808522877
