goal,probability
Blue,0.9858486877068732
Orange,0.004380812493602924
Green,0.009770499799543737
