goal,probability
Blue,0.1247410849764328
Orange,0.0012380141332565024
Green,0.874020900890309
