goal,probability
Blue,0.6317475825536244
Orange,0.0037089388387492317
Green,0.36454347860763103
