goal,probability
Blue,0.31880943509749055
Orange,0.07375845085162935
Green,0.6074321140508804
