goal,probability
Blue,0.648658231967536
Orange,0.0044639717399309895
Green,0.34687779629253
