goal,probability
Blue,0.3433335603309203
Orange,0.31833328792928
Green,0.3383331517397959
