goal,probability
Blue,0.33350048802528554
Orange,0.35249920554863107
Green,0.3140003064260776
