goal,probability
Blue,0.3170001815873525
Orange,0.3550002723851492
Green,0.3279995460274944
