goal,probability
Blue,0.34900002270099406
Orange,0.3450001248351202
Green,0.3059998524638818
