goal,probability
Blue,0.912999614094923
Orange,0.07100028374930624
Green,0.01600010215576797
