goal,probability
Blue,0.06650009080604431
Orange,0.01749995461037714
Green,0.9159999545835763
