goal,probability
Blue,0.01949995460161643
Orange,0.90799999996238
Green,0.07250004543600123
